type,direction,price,step,rsi,macd,atr,obi,funding,whale_flow,exit_price,profit,result,duration
ENTRY,LONG,66280.25,29,45.40418415781459,-108.90803543949733,462.7551804484893,0.8403794894188179,-8.145894609620509e-05,-0.0332541798131209,66653.74,4.602601585767843,WIN,1
ENTRY,LONG,67121.01,31,60.666640717544176,-16.796885128642316,497.9318137540541,0.7672318814346607,-0.0001444962276252,-0.011207186320594,67173.8,-0.2131344174104015,LOSS,1
ENTRY,LONG,67616.29,33,67.10565252816548,112.38970550632804,486.43860471650606,0.8267459042116693,-9.260000982550348e-05,-0.0347031610126853,67492.46,-2.81384591652386,LOSS,1
ENTRY,LONG,67305.14,35,60.08891089986948,182.3425083803595,465.13410304637534,0.7631234084856008,-0.0001092061733619,0.031871017015586,67624.39,3.716429993064594,WIN,1
ENTRY,LONG,67666.44,37,64.86037471598695,254.6705602266302,451.7486398716196,0.751192175279085,-0.0001477547590048,-0.0428327135200626,67495.46,-3.504359342774478,LOSS,1
ENTRY,LONG,67488.53,39,60.73798779638886,266.6540892907069,416.62765376685473,0.7610422716026114,-7.595225686769567e-05,0.0400033750175052,67680.45,1.829665233477499,WIN,1
ENTRY,LONG,67899.59,41,66.63566382408993,307.3838139823056,418.3761402377471,0.8668104325236481,0.0001154108090577,-0.034468989200046,67529.52,-6.40601480688747,LOSS,1
ENTRY,LONG,67799.54,43,61.837127169887445,302.8523643220251,465.3073862254042,0.7686706030875841,-0.000224367519534,-0.0206312279321045,67629.4,-3.4832450090398197,LOSS,1
ENTRY,LONG,67368.1,45,52.9428010484408,259.7797389110783,463.6348381229244,0.8478233827816501,-1.7044289279356882e-05,0.0126819801502474,66828.02,-8.943913866462026,LOSS,1
ENTRY,LONG,66653.46,47,41.72098397641346,116.21104455513704,483.9025900141534,0.8126700179802002,3.391209464168309e-06,0.0308784678825032,66550.05,-2.528996837732848,LOSS,1
ENTRY,LONG,66651.4,49,42.36571494936033,5.931576003014925,457.8391720019995,0.8667362156767984,-0.0001242453376046,0.0014490500398213,66809.3,1.3549856640966027,WIN,1
ENTRY,LONG,66784.98,51,45.10127506908416,-35.286683561920654,443.5672962670299,0.8545222908996988,-0.0001053189833574,0.0154279066821022,66797.37,-0.8077273599828914,LOSS,1
ENTRY,LONG,67208.75,53,53.50767713255133,-26.109946970958845,461.70930137310353,0.8159633636730225,-0.0002915464900361,-0.0309385971858402,67938.54,9.76206639616612,WIN,1
ENTRY,LONG,67943.43,55,63.865210657780864,109.8470592219237,511.18031597986976,0.7853119152167807,3.742416593243373e-05,-0.0189415844102688,67704.74,-4.474298583229029,LOSS,1
ENTRY,LONG,67544.01,57,55.79006890126931,142.59326739962853,505.72246632958246,0.7841001570004801,-5.837704992898658e-05,0.0117087545489383,67681.68,1.0275205353245838,WIN,1
ENTRY,LONG,67492.85,59,54.120140848099545,151.26872362630093,488.2611061719358,0.7655175100591152,1.7308881861260012e-05,-0.0324783527921919,67367.69,-2.82871234790764,LOSS,1
ENTRY,LONG,66778.33,61,42.2866634731172,73.9555546487536,506.6117190972301,0.8057509224453934,-7.632912830743398e-05,-0.0416037229645648,66124.99,-10.679726185671825,LOSS,1
ENTRY,LONG,66363.38,63,39.007289448214784,-86.67414034344256,524.7653088134284,0.855600097261128,-6.18389956491513e-05,-0.0103249430587801,66685.69,3.8137131635430706,WIN,1
ENTRY,LONG,66653.26,65,43.91822125189355,-123.88740529413916,527.6822305585167,0.8033896791048517,-3.011785653483801e-05,-0.0404795671429279,67302.29,8.643637882838448,WIN,1
ENTRY,LONG,66587.45,67,44.47731293443068,-109.01300715342222,601.0617702264764,0.8031694251784665,-0.0001292517190181,0.0128110985513827,66736.8,1.2296761455818341,WIN,1
ENTRY,LONG,67665.83,69,56.89049097566215,-44.91947113422793,657.3345875932379,0.8152179776791866,1.1576399724722952e-05,-0.0339104618012384,67526.75,-3.026350550691859,LOSS,1
ENTRY,LONG,67854.05,71,58.36887248511737,60.75604920534533,675.5454352207,0.8108158062803311,0.0001289489190001,0.0385761820866505,67838.8,-1.213206648510095,LOSS,1
ENTRY,LONG,68265.53,73,62.23168702164508,175.5029706430505,634.3619313892774,0.9218919702005838,0.0001269687881184,0.0345753666947553,68277.99,-0.8099238277645782,LOSS,1
ENTRY,LONG,68172.87,75,60.66542314966061,258.87347984568623,608.9465632897343,0.9259603023706268,3.0753762594797045e-05,-0.008803543356075,68284.48,0.6293970570113743,WIN,1
ENTRY,LONG,68330.75,77,62.34503301617949,312.4583993435954,578.7257612039042,0.8313519625103725,-2.167213931840885e-06,-0.006684990414589,67782.73,-8.924874024714882,LOSS,1
ENTRY,LONG,67668.89,79,51.707878860038726,249.0312385860016,563.9586920584679,0.845049972741102,4.1558793239888994e-05,-0.0128683490544861,68170.67,6.339444453200485,WIN,1
ENTRY,LONG,68303.83,81,59.43104295231869,274.44731462992786,558.4513722340866,0.740908653810638,-0.0002133843722227,0.0345826549134719,68456.02,1.2134813543889322,WIN,1
ENTRY,LONG,69102.85,83,67.38842667967988,360.3635656034603,577.4525097324522,0.8081532997595928,-3.6564002589782376e-06,0.0156224708828198,68692.0,-6.869370355107094,LOSS,1
ENTRY,LONG,68670.16,85,60.36139739018204,379.105827763502,573.5621129835937,0.7732333571300949,5.432846092319285e-05,0.0300951790517992,68644.0,-1.3655257562932093,LOSS,1
ENTRY,LONG,68585.55,87,58.9001620123906,365.5237149856548,535.5633015011593,0.7852579789147252,-0.0001171377674256,-0.0139345900833925,68712.52,0.8399568258646468,WIN,1
ENTRY,LONG,68393.6,89,54.781035185307424,331.23062561111874,515.464887518856,0.8231989100766713,8.185492756964955e-05,0.0287961567004524,68116.07,-4.997439140568531,LOSS,1
ENTRY,LONG,68593.55,91,56.8269821363734,275.6840699257009,540.1399285239108,0.8366725814355424,-7.07940679284484e-05,-0.0427899284146083,68918.52,3.6890315823857236,WIN,1
ENTRY,LONG,68816.34,93,58.8590275240188,298.0469186787232,528.1921832680662,0.8307353770392095,0.0001266699029612,0.0217334129791952,68266.62,-8.877169972598494,LOSS,1
ENTRY,LONG,68084.76,95,48.01129171724196,201.09405805994172,544.6872396546083,0.8052279535672432,-6.637483504729521e-05,0.0330974836994027,68176.84,0.3467039497991209,WIN,1
ENTRY,LONG,68191.09,97,49.56458350434071,136.22015815545456,507.1684872532083,0.8657184212006781,-0.0001985228118239,-0.0291547217746517,68362.53,1.4926614492214867,WIN,1
ENTRY,LONG,68122.99,99,48.39185233306367,96.89600664866155,482.2106854377151,0.8231824392842889,1.6404485288051695e-05,-0.0292305748319662,68113.92,-1.1188723631112225,LOSS,1
ENTRY,LONG,68600.29,101,55.82766709503656,91.37680970309884,475.6701828519077,0.7942955102340029,3.345953435695285e-05,0.0496025938339859,67359.27,-18.83052697670064,LOSS,1
ENTRY,LONG,66852.99,103,35.35036875353525,-101.13637982496584,565.3874025610838,0.8959588856443573,1.0343028927923004e-05,-0.0170530006969794,66576.25,-5.060060175272156,LOSS,1
ENTRY,LONG,66330.27,105,31.31143651131066,-305.5948536196084,549.958933840934,0.8949669146398017,-8.577635450233358e-05,-0.0438977215174447,66591.54,2.8901591335379635,WIN,1
ENTRY,LONG,66681.49,107,36.84482148369782,-389.9803833754559,517.6225500975399,0.876026030978371,-1.990379593910041e-05,-0.0455218211545995,66930.79,2.6936791665357305,WIN,1
ENTRY,LONG,66439.12,109,36.02862260360656,-424.33548255465575,526.7365355432861,0.769927509443659,-0.0001048645805287,-0.0212145613347327,66469.6,-0.5336151300034544,LOSS,1
ENTRY,LONG,66457.28,111,36.394701949044574,-455.6332960993168,489.1552270755874,0.8399580696327119,5.347299777838741e-05,-0.0179315683407897,66220.28,-4.493903153152132,LOSS,1
ENTRY,LONG,66052.71,113,32.48306495530545,-504.0234040950745,465.4061906927247,0.8532577910665742,-7.76430381919545e-05,-0.0454426128245168,66270.87,2.2636143129238917,WIN,1
ENTRY,LONG,66868.18,115,46.29622616360782,-445.2890500227513,506.2585521789306,0.814906888206738,7.193675573706582e-05,-0.0188110651230756,66852.91,-1.209115080850097,LOSS,1
ENTRY,LONG,67095.85,117,49.71116652991439,-336.64035833654634,498.233292439996,0.895377140580693,2.2539251620429545e-05,-0.0434018094801751,66679.16,-7.091029831341075,LOSS,1
ENTRY,LONG,66981.99,119,48.662091956573214,-275.871012490461,513.7623286855071,0.947104432854384,0.0001143777842286,0.0166052454994939,66975.99,-1.0714984187816299,LOSS,1
ENTRY,LONG,66939.25,121,48.04462881255888,-212.24292380642143,479.8877732033197,0.8662748290829864,3.650477467780813e-05,-0.0437703654834557,66935.93,-1.0320030369894084,LOSS,1
ENTRY,LONG,66982.48,123,48.82088096983266,-163.63808161865745,447.552773833474,0.7588489626064474,-7.019485330383998e-05,0.0466685432870228,66901.99,-2.1632288683704246,LOSS,1
ENTRY,LONG,66785.86,125,45.38586888482496,-144.9051329097274,423.1231570298825,0.8636968295611002,-2.785972036697476e-05,0.0214399590329377,66630.0,-3.2739856200587383,LOSS,1
ENTRY,LONG,66533.81,127,41.14780850857407,-164.49887330470665,426.2756302961751,0.8437328303579207,-0.0002565434643132,0.0387548859279027,66579.97,-0.301491692333002,LOSS,1
ENTRY,LONG,69574.61,214,62.94558076367046,516.3484824845655,416.7237456001226,0.8076864454144806,-1.5869250878758414e-05,-0.0495153579183042,69888.97,3.3931164017230913,WIN,1
ENTRY,LONG,68811.0,219,45.09968585699754,335.7563554612134,435.0197081668095,0.8524084815181086,-8.332667664319983e-05,0.0252299569166745,68853.66,-0.3674591023391258,LOSS,1
ENTRY,LONG,68775.7,221,44.64453382702424,194.09636724759184,444.63469734791227,0.8360808128593665,1.4954350643643096e-05,-0.0170936634458574,68400.01,-6.232276485681723,LOSS,1
ENTRY,LONG,68674.0,223,44.51568765490354,63.15180515836983,451.2082339377408,0.8748023393018088,1.1198612383715606e-06,0.0399592031202288,68779.21,0.5116382383494056,WIN,1
ENTRY,LONG,68854.65,225,47.82707856792986,18.22967271343805,432.1816404871344,0.8681238322845315,7.100149987316736e-05,-0.0390714673640444,68669.0,-3.5621474390682124,LOSS,1
ENTRY,LONG,68237.93,231,40.19683242276889,-72.70912426307041,429.1287084566774,0.806028501437272,2.0034734248290544e-05,0.00211809465713,68345.75,0.5571896558212757,WIN,1
ENTRY,LONG,68392.18,233,42.97622467785353,-123.60588722182727,432.56414147540073,0.8216990417442109,-3.252556970233176e-05,0.0273141664555807,68231.99,-3.216830359217056,LOSS,1
ENTRY,LONG,67860.48,235,36.07350252793575,-199.21879157928925,437.2080097415442,0.837267562155293,8.447708786952181e-05,-0.0174211804491512,68168.1,3.3971094202024688,WIN,1
ENTRY,LONG,68229.99,237,43.14791638052418,-212.35657328942037,438.94338595061794,0.8043172948500406,-0.0002958014183051,0.0109846044244647,68705.81,5.745911191377672,WIN,1
ENTRY,LONG,68442.53,239,47.17936746818175,-161.68768625090888,461.3088378859919,0.9071138604999084,-0.0001376193155495,0.0159500985765294,69011.29,7.034921491283967,WIN,1
ENTRY,LONG,69319.39,241,58.86765875373179,-35.50969685104792,484.2918040955745,0.8207735769541985,-4.062765946383815e-05,0.0231492643259002,69927.64,7.48677720957312,WIN,1
ENTRY,LONG,71514.09,243,75.22457756680575,275.17574770739884,591.9044637354697,0.861457592829614,-4.6135826980857415e-05,0.0359333071256011,71924.22,4.56236858610464,WIN,1
ENTRY,LONG,71710.19,245,73.95731793350323,594.790942812775,654.8934406698697,0.8211741013154376,-5.803533781043589e-05,0.0495814733654586,71476.97,-4.1006258914876526,LOSS,1
ENTRY,LONG,71364.94,247,68.96050016876835,711.5990968319966,619.6848544551428,0.8586636790488826,-0.0001002179136206,-0.0119274208395099,71287.39,-2.0116943985085527,LOSS,1
ENTRY,LONG,71566.18,249,69.77198345176524,758.7417359040701,575.5840326679552,0.8433741014034691,-0.000102631121154,-0.0340738271086184,71731.1,1.2556170060252043,WIN,1
ENTRY,LONG,71732.69,251,70.92031807062513,797.800506321466,540.0429669432881,0.9405071796970952,5.914911918245093e-05,-0.0343333575275346,71627.59,-2.3757525242417614,LOSS,1
ENTRY,LONG,71800.0,253,70.41589704170224,788.4456006409746,502.0030684357952,0.8474235473940301,-0.0002001997675877,-0.0413429355961273,71678.87,-2.588606719744348,LOSS,1
ENTRY,LONG,71476.98,255,64.22443110971454,728.3032058512763,480.8838192124968,0.8274220581874907,4.634806161374044e-05,-0.0065790240275459,71675.12,1.7049324156268995,WIN,1
ENTRY,LONG,72071.95,257,69.89615849701951,708.9230082101712,479.51410942302,0.881839412545647,-0.000106722028848,-0.0230876064170814,71600.01,-7.2677851670232485,LOSS,1
ENTRY,LONG,70912.88,259,51.53648326028295,571.5750907127949,577.3854310841347,0.8973138864670723,-0.0002227671243972,0.0110938144675784,71310.0,4.4238969812504365,WIN,1
ENTRY,LONG,71602.1,261,58.89068487523083,500.6005093897693,564.0605502715249,0.8182311886128389,2.6914425140813057e-05,-0.0334863675942914,71888.19,2.8815036568594223,WIN,1
ENTRY,LONG,71099.63,263,51.50536871984804,432.5433938190545,575.1123622239165,0.7996548082320036,-4.437662278375884e-05,0.005185245940009,71318.48,1.9990596740844921,WIN,1
ENTRY,LONG,71372.93,265,54.34239906866032,359.2374808233872,534.5862715093971,0.8067944801527268,-0.0002187843377623,0.0057434089926504,71551.39,1.4432252665792475,WIN,1
ENTRY,LONG,71064.84,267,50.10096000071916,289.50134057641844,524.8088769647359,0.8723182377042968,5.1579867207400246e-05,-0.0073735418663907,70815.5,-4.409944284641824,LOSS,2
ENTRY,LONG,70928.89,270,48.57945394438152,145.80453713500174,505.93079908583286,0.9024129563916315,-0.000141421897401,-0.0220830982881256,71060.64,0.8239992811941192,WIN,1
ENTRY,LONG,70992.39,272,49.41332661860968,99.99005716304237,481.5150257423763,0.8642336580175319,-0.0001149352831954,-0.0171529876597631,70782.0,-3.814094435660081,LOSS,1
ENTRY,LONG,70984.0,274,49.57597704197505,49.92316117002338,461.5922415839871,0.8279475754431138,-0.0001958426019556,0.0358970268704037,71031.84,-0.31447810752251826,LOSS,1
ENTRY,LONG,70982.01,276,49.50140494558596,32.58017507386103,427.5688715698671,0.7981971205749997,-0.0001135232747196,-0.040701261050882,71249.51,2.660850741467584,WIN,1
ENTRY,LONG,71534.68,278,57.92808705767017,78.06305429161876,436.0143841597322,0.7965145120506545,-3.129372796738723e-05,0.0098474101435714,71276.45,-4.433859997239779,LOSS,1
ENTRY,LONG,70801.98,282,45.5004010350866,40.91389704102767,429.1234734482013,0.84465107383261,-8.008338737784032e-05,-0.0212209662165482,71123.71,3.4037995678008883,WIN,1
ENTRY,LONG,72141.99,284,62.77772811768836,115.76524046633858,520.310035779316,0.8044031533165368,0.0001649445778904,-0.0073569903496665,72080.87,-1.7760150221001823,LOSS,1
ENTRY,LONG,72347.49,286,64.40652602550063,233.2915933866316,527.8596737076749,0.8431690944720511,-6.080942042510247e-05,-0.0233563918267833,71888.69,-7.0537558113665,LOSS,1
ENTRY,LONG,72096.32,288,59.39580509171088,264.3501046439342,536.41604518672,0.7602838164476993,0.0001105782277117,0.0477727775274662,72413.97,3.268233591286844,WIN,1
ENTRY,LONG,72264.95,290,60.19845123879232,318.69657124282094,533.6527124314069,0.920512153979988,-0.0001144218384819,0.0262114459643421,71946.01,-5.198387075599385,LOSS,1
ENTRY,LONG,71787.97,292,53.025361777424834,272.13597589780693,571.1173898005496,0.7157489442656216,-3.4775349844833324e-05,0.0062826963748233,71963.03,1.379310337599236,WIN,1
ENTRY,LONG,72157.93,294,57.63315421948499,262.9458422572497,573.5906575321061,0.8720552993832023,-0.0001549152562432,-0.0429838023227061,71965.36,-3.521164934598346,LOSS,1
ENTRY,LONG,71868.67,296,52.98717918415804,223.89609476240005,534.3399547088055,0.8363966555549013,-0.0001126095246017,-0.0294859119447101,72117.29,2.3577392910901835,WIN,1
ENTRY,LONG,72127.84,298,56.54695316488322,220.7980018950329,505.1485833968783,0.8198175694742943,-0.0001747769991754,0.019258919425771,71805.38,-5.248472823284828,LOSS,1
ENTRY,LONG,71481.85,300,46.10025292834978,139.21669899525295,490.5422989493496,0.7759741747241283,-6.061775899901878e-05,-0.017041702426068,71606.07,0.7062708467874472,WIN,1
ENTRY,LONG,71787.41,302,51.091032006255446,95.30381068121642,466.41555368591935,0.8922172414369146,-5.123757732817489e-05,0.0291347870576437,71910.09,0.6785986109134683,WIN,1
ENTRY,LONG,72127.59,304,56.32961952281191,110.51337942114333,442.125298841429,0.8814208275631333,-0.0001178360589481,-0.0314489313862501,72258.68,0.7826170656117029,WIN,1
ENTRY,LONG,72321.4,306,59.15349325608363,152.49977925464918,447.52181379694713,0.7946455763333132,-6.447881259524717e-05,-0.0326096082589994,72909.0,6.828320319746126,WIN,1
ENTRY,LONG,72460.51,308,57.92499668430912,223.30089669175504,512.1274823045114,0.8187377378517874,-9.81550718772698e-05,0.0407239165941962,72992.33,6.079220765181162,WIN,1
ENTRY,LONG,73121.66,310,65.20617616117097,315.17901285881817,511.316196476848,0.830044968530028,1.5835248830965022e-05,-0.0079043285562548,73107.07,-1.1520471424864809,LOSS,1
ENTRY,LONG,73236.11,312,66.31667623539379,375.1205359222804,485.4298836968737,0.7973841307828294,-5.993357479822689e-05,-0.0452751513970949,73361.68,0.6846208689657942,WIN,1
ENTRY,LONG,73190.67,314,63.91582308853768,408.8891320079274,474.6081650243453,0.8313842343798027,-0.0001018906997309,-0.044691076382535,72877.0,-5.071889671762619,LOSS,1
ENTRY,LONG,72962.7,316,58.80821119878208,364.8568710035033,457.8315810669086,0.8572630846708311,0.0001774239603124,-0.0040435425174556,72828.42,-2.724251446354174,LOSS,1
ENTRY,LONG,72954.39,318,58.0616019592229,319.4676082661172,429.92554694034527,0.8016379771736883,-0.0001710134544425,0.0319988118543246,72966.57,-0.7993551933286653,LOSS,1
ENTRY,LONG,71643.69,342,31.217917605870653,30.87651699357957,439.8135612864072,0.8883950580321337,1.5297565620830608e-06,-0.0019734132436542,71761.35,0.6118075746398972,WIN,1
ENTRY,LONG,71593.19,344,31.89257734499995,-151.98577750952973,440.1656217214439,0.8336778090793212,-4.3389336133769616e-05,0.0230309713646926,71466.53,-2.6427020193077624,LOSS,1
ENTRY,LONG,71710.2,346,35.8371069512301,-267.0514167532965,421.47500036185744,0.9127253049841416,-0.0001286846791459,-0.0196852749998997,71668.01,-1.515640792904378,LOSS,1
ENTRY,LONG,71866.59,380,58.90886728018937,42.700617089562,434.8382821899239,0.8545787336244767,-0.0001057674763622,-0.039193159518908,72202.36,3.477655178059649,WIN,1
ENTRY,LONG,72148.87,382,61.88472313658527,152.97127360725426,463.1039780106999,0.85594183743478,-8.895171872609239e-06,-0.0257014332452553,72424.86,2.6761544472738024,WIN,1
ENTRY,LONG,73322.82,384,73.01295687689262,321.7645912045264,510.6422055296345,0.9075313747336818,2.080713968877174e-05,0.0234656144495438,73149.36,-3.1907060337616713,LOSS,1
ENTRY,LONG,73179.71,386,69.9739153070588,446.36048120544,487.0740955842249,0.8095116631610852,2.3273104876939892e-05,0.049448966550243,74627.04,17.787411179273477,WIN,1
ENTRY,LONG,74417.99,388,75.49766784810384,694.5742419634043,559.7263375190515,0.8874488177103944,-2.280604976330937e-05,-0.0256285303243026,74163.82,-4.191168073313747,LOSS,1
ENTRY,LONG,74386.02,390,72.73181399644999,787.522537199955,544.1513828608147,0.7740820897814421,-0.0002129969458497,-0.0235348766000632,74330.98,-1.6512310025154875,LOSS,1
ENTRY,LONG,74444.43,392,72.5767621022994,827.8245824882324,506.3002229769268,0.8210708522208371,-9.13067423533238e-05,-0.0277926940273397,74387.85,-1.6698436145270534,LOSS,1
ENTRY,LONG,74210.11,394,68.0577722910289,803.9341989616805,466.97289634235,0.8174466549235561,0.0001032198315248,0.0177253628269982,74522.73,3.0444917496915878,WIN,1
ENTRY,LONG,74546.0,396,70.91742399614182,791.6351080824534,460.4544361319242,0.8291352202539818,-2.874928101360279e-05,0.0047623243165755,74750.0,1.6456048841446318,WIN,1
ENTRY,LONG,74500.0,398,67.3849407574764,762.3584122172324,455.1011209504855,0.8700547060720017,0.0001310943644418,0.0086053126208309,74350.01,-2.8582597370022995,LOSS,1
ENTRY,LONG,74376.52,400,64.67884861237816,678.7841808506491,421.5101502073057,0.8204117475922384,4.6515122883408985e-06,-0.0238523479570744,74452.0,0.013113971859638696,WIN,1
ENTRY,LONG,75525.94,402,75.15025869121133,697.9770211855212,457.60370094405386,0.8523607735449532,-3.510886503506011e-05,-0.0050187901258475,75013.62,-7.377732045335506,LOSS,1
ENTRY,LONG,75317.07,404,68.28062563552622,700.3815206665749,525.1999768344143,0.7585765306290824,3.527290718263029e-05,-0.0345836927591418,74652.2,-9.30701953429525,LOSS,1
ENTRY,LONG,74748.9,406,59.09409573807751,606.170373046727,580.1512045153871,0.7731645648215816,-4.538026625896642e-05,0.0458924921395528,74093.19,-9.244505164901057,LOSS,1
ENTRY,LONG,74223.18,408,52.13718929736158,447.499305595964,604.6850691994922,0.859886660799104,-1.1822946297887282e-05,0.0273956085189442,74102.29,-2.4848083648503234,LOSS,1
ENTRY,LONG,74277.15,410,52.75286795127319,336.95321287351544,575.5070239526237,0.7904400086032654,-2.1390203675959623e-05,0.043306289259311,74023.15,-4.17548309081576,LOSS,1
ENTRY,LONG,74131.55,412,50.860639087806405,239.1130532903917,550.3953420815994,0.7820543419834747,-4.037537378052984e-05,-0.0247847017805732,74568.36,4.617612341267886,WIN,1
ENTRY,LONG,74613.28,414,56.707644147786,241.47360466173268,531.5928714887259,0.9018598652346744,-8.627909512717056e-05,0.0365790282948839,74322.0,-4.6321580040348636,LOSS,1
ENTRY,LONG,74345.97,416,52.68981096187444,196.68183465163747,506.3753330693604,0.7725307367904423,7.687192355443172e-05,-0.0359185817498146,74340.38,-1.0157552413656958,LOSS,1
ENTRY,LONG,74021.5,418,47.65727506659157,136.48790436217678,488.8102616771525,0.8291180770297205,-5.851340669866191e-05,-0.0220312930919908,73891.62,-2.6003410538542084,LOSS,1
ENTRY,LONG,73730.43,420,43.4701939065606,42.85997117399529,470.2106848134625,0.8693747291112806,-4.466733999443207e-05,-0.0458964068674827,74110.51,3.918436707381261,WIN,1
ENTRY,LONG,74011.69,422,48.33623342428904,19.42296901121153,458.0654374156888,0.7791163386113997,8.852597350186711e-05,-0.0167554086335726,73864.75,-2.817904984785855,LOSS,1
ENTRY,LONG,74201.78,424,51.66705386392508,4.187110942977597,453.4858108329156,0.83532313301947,-4.513647407950968e-05,-0.0280683463791049,74273.77,-0.029059173934001592,LOSS,1
ENTRY,LONG,74063.92,426,49.19332895531488,9.165879100415625,462.5969491365449,0.9184858757529092,2.156912165477661e-05,-0.0322572177183786,74151.81,0.1751149723695562,WIN,1
ENTRY,LONG,73844.08,428,45.580419642574775,-13.388807359631755,495.0657367554901,0.8704901546421753,-0.0001433417433226,0.0316393304500023,73941.09,0.2949011535365571,WIN,1
ENTRY,LONG,74134.95,430,50.89545446080292,-16.745922944741324,477.5909158759076,0.7765050377264787,2.728282113293769e-05,-0.0319111036078066,74390.29,2.3039344044973404,WIN,1
ENTRY,LONG,75002.6,432,63.323409596235216,78.92878668598132,499.5420652195321,0.8759116542422766,-2.3860978999963866e-05,-0.0236127710108531,74841.68,-2.967527046379473,LOSS,1
ENTRY,LONG,74743.1,434,58.32485327424258,142.11615896936564,488.2337195005155,0.7970875313836702,-7.223418790306987e-06,-0.031273743514448,74964.0,1.8425069593777152,WIN,1
ENTRY,LONG,74809.99,436,58.18335270042542,187.9243852285581,490.9136663040155,0.7155720588557266,-0.000281787540518,-0.0277472906688063,74815.1,-0.8793547776058404,LOSS,1
ENTRY,LONG,74657.66,438,54.99140739157508,186.96600842796036,477.159538802952,0.8018557191441725,0.0001109021576536,0.049187254842959,74887.24,1.9551085753300868,WIN,1
ENTRY,LONG,74888.21,440,58.64925632486187,201.4934788249666,476.6231737637695,0.757049472447112,-8.167887038627378e-05,-0.0103646010783148,74944.15,-0.23947314664292207,LOSS,1
ENTRY,LONG,75043.48,442,61.23052802703647,218.1387964967289,457.7027365616185,0.8593790247820507,-0.0001855907399642,0.0490611128353895,74707.03,-5.1888990548886795,LOSS,2
ENTRY,LONG,74677.91,445,52.060901576601,174.8308456135128,429.6487143680306,0.968687381230356,-0.0002637457058158,0.0256532521194883,74594.02,-2.0011480691828183,LOSS,1
ENTRY,LONG,74313.0,447,44.0370376335182,101.50250135047828,417.69858534794497,0.848309049037518,1.0694050789563328e-05,-0.000735393969136,74574.79,2.3747976893137093,WIN,1
ENTRY,LONG,73788.03,450,36.760916466154434,0.6298480790574104,500.33873251072737,0.8099477597775581,4.426982943647024e-05,0.0474310166627481,73973.33,1.4221411210855877,WIN,1
ENTRY,LONG,74697.19,452,53.143244382254494,-19.743748849083204,549.9790091546582,0.813369541642113,-8.234697030033711e-05,0.0051075184227875,74175.57,-7.518730007632257,LOSS,1
ENTRY,LONG,74343.25,454,48.22215211429219,-46.570197931767325,569.431492587435,0.7964205477323644,-3.9729513135767904e-05,0.0249520391100488,75026.71,7.707843816619061,WIN,1
ENTRY,LONG,75342.99,456,60.27702002076016,71.17562731474754,596.7820522820233,0.7531049906028449,9.084280435018269e-05,-0.0091127243267029,75223.47,-2.436090529721696,LOSS,1
ENTRY,LONG,74934.24,458,54.12608874062592,120.36729412520071,585.4754430390907,0.8436392127251369,-2.318877572810244e-05,-0.0202948442834754,74867.92,-1.775149325689199,LOSS,1
ENTRY,LONG,75154.29,460,56.75467764949926,141.07808795208985,547.7106626204403,0.7570909773848402,-0.0001644680941275,-0.0344325775002693,74944.98,-3.5624328666690417,LOSS,1
ENTRY,LONG,74750.0,462,50.62551794137125,120.83015626404084,523.2114897084407,0.849825679478434,-2.5843247617298207e-05,0.0211832637282521,74700.0,-1.5705070776111825,LOSS,1
ENTRY,LONG,74615.82,464,48.584215796298366,77.53585659133387,485.9384783710538,0.8828823277884433,6.541635284257041e-06,-0.0112970549239965,74791.39,1.271177491378694,WIN,1
ENTRY,LONG,74637.77,466,48.87967791656659,55.1218611785298,455.2231267587151,0.9068454382752648,-0.000138667575867,-0.0228709921421865,74938.52,2.8475498508287274,WIN,1
ENTRY,LONG,75074.77,468,55.738910494180445,82.91243321854563,426.8152470521573,0.876530079064764,-0.0001362495441127,-0.0498032828555108,75780.38,7.8977066614261275,WIN,1
ENTRY,LONG,75779.99,470,64.45225311325704,204.8429287818872,487.7836058766046,0.880624199917043,-1.3089046996842422e-05,-0.0115381013841078,75278.77,-7.1669861841073725,LOSS,1
ENTRY,LONG,75589.7,472,59.25341852786281,225.3134391389467,498.92933363850176,0.8403360335635174,-3.906125710803503e-05,-0.0432376295885068,76233.05,7.062016866135309,WIN,1
ENTRY,LONG,77340.12,474,73.5836977488211,427.4412320754636,575.7329968617694,0.8606221432659759,-1.6678474315076638e-05,-0.0325539280366412,77886.77,5.7088647243181185,WIN,1
ENTRY,LONG,77785.02,476,74.82046263859397,672.5449577782128,604.8215126001994,0.8236399159280327,9.704639449029172e-05,-0.0396784329225051,77857.14,-0.06950567724379653,LOSS,1
ENTRY,LONG,77520.59,478,69.63643715074059,772.7355272300774,621.4497736195598,0.8461157750326758,-0.0001399243703818,-0.0208281483410402,77159.89,-5.322213083620227,LOSS,1
ENTRY,LONG,77393.58,480,66.01120096874467,749.5436309213255,601.3233252127845,0.751981968771092,1.793594495716169e-05,0.0479812959166088,77337.64,-1.621577439185785,LOSS,1
ENTRY,LONG,77445.73,482,66.07213546361979,720.2570302938257,563.8648059232684,0.8686926385016566,2.124773548469508e-05,0.0192979420064803,77301.25,-2.6958420961673255,LOSS,1
ENTRY,LONG,77072.0,484,59.8019952380905,641.1394748544844,529.734041842002,0.8002419692667206,4.875187942877874e-05,0.0469047778677333,77168.0,0.22993182547361357,WIN,1
ENTRY,LONG,77218.07,486,61.42821950167805,569.8329560066486,490.659250363767,0.8379449042918964,-0.0001571040859886,-0.0046579441879603,77292.52,-0.03463785885651305,LOSS,1
ENTRY,LONG,77005.47,488,56.92473084796338,493.72863214356767,466.5417515891662,0.8444043472321563,-0.0001078160278174,0.0426844788046035,77100.74,0.2219918778846477,WIN,1
ENTRY,LONG,77134.66,490,58.68911514595096,425.2407161055016,433.41426540086286,0.8163589535371217,6.704640288993525e-05,-0.0223618254619399,77136.01,-0.9243314093819208,LOSS,1
ENTRY,LONG,74791.26,526,33.72705852172051,-167.71688737501972,425.5319377070812,0.8148211550931113,-0.0001353771235198,-0.0465728866212795,74770.11,-1.1981396762694203,LOSS,1
ENTRY,LONG,74630.0,529,33.7596811425493,-266.6681065937155,417.64128540177006,0.8306571644036399,-7.75754758225124e-05,0.0059778864361635,74425.15,-3.4944712922224426,LOSS,1
ENTRY,LONG,74047.34,531,27.412197999511093,-369.2911505831144,436.6898838413224,0.8942140880753092,-0.0001924396893825,-0.0117311981565266,73801.79,-4.025469317224633,LOSS,1
ENTRY,LONG,74280.01,533,36.008160324141635,-437.4972196733579,439.4955631080787,0.929210259541347,-1.9790284031513663e-05,0.0475633221927013,74595.13,3.020743637916894,WIN,1
ENTRY,LONG,74410.01,535,39.62644789853918,-401.9701808858517,437.3379090064559,0.7375447275329323,-0.000210331301912,0.0297978568363699,74634.0,1.8728988946786558,WIN,1
ENTRY,LONG,74786.59,539,47.84966737347008,-307.8349854218832,431.0514095463709,0.7674420039439319,-2.374778848183912e-06,-0.0076136199577581,74837.17,-0.3025585482282622,LOSS,1
ENTRY,LONG,74728.91,541,46.99336733385125,-238.8811527149519,458.5427970068196,0.8574232261117307,-9.284956220451808e-05,-0.0123086027533556,75062.77,3.230029460361038,WIN,1
ENTRY,LONG,75027.26,543,51.76312724972044,-149.27928428194718,458.9154219089417,0.813750751067684,-8.336262650802064e-05,0.0200709239955432,75192.71,1.1222914924328506,WIN,1
ENTRY,LONG,75289.9,545,55.9069203534909,-59.30779860095936,460.9054913398534,0.9340024780480578,4.257782306128565e-06,0.0179578902012183,75269.38,-1.1869486346822669,LOSS,1
ENTRY,LONG,75034.79,547,50.78981749406316,-17.217277458767057,495.9510614103845,0.9024255447923516,-2.140809072166772e-05,0.0255066955339727,75716.77,7.536177970783683,WIN,1
ENTRY,LONG,75338.74,549,54.307612882067886,60.9053526372154,528.9862723385467,0.8408091786310767,-0.0001204635483465,-0.0255971496246025,75898.14,5.990178255962746,WIN,1
ENTRY,LONG,76423.69,551,66.31289978619058,203.76757924773847,542.2935205368085,0.823448041094772,-0.0001107481566225,-0.0478357066643218,76296.96,-2.4809664008698746,LOSS,1
ENTRY,LONG,76276.17,553,63.73930005840634,296.47810377120913,521.4471682179611,0.7670959598503411,-0.0001208806884943,-0.0068317972343381,75954.71,-4.863975751281032,LOSS,1
ENTRY,LONG,75974.24,555,58.34276440624328,296.1901613280643,504.7244970858952,0.8814520007651049,8.079935900046354e-06,0.0011239833155967,75840.97,-2.5678934738225507,LOSS,1
ENTRY,LONG,76092.45,557,59.32882784011242,286.4543571331742,487.3643877934505,0.8686996315051704,-7.657089620881352e-06,0.03551315171392,75927.59,-2.9511826482739707,LOSS,1
ENTRY,LONG,75581.33,559,50.47613104901781,233.66177117165356,471.77781396476064,0.8827722255116234,-9.616036297119356e-05,-0.023879494936647,75710.3,0.6569114726407861,WIN,1
ENTRY,LONG,75813.81,561,54.03287536786744,196.63574804659584,439.0911253063495,0.8230732841605511,-1.2395308605352087e-05,-0.037849594028518,75802.0,-1.0772713411806762,LOSS,1
ENTRY,LONG,75974.11,563,56.58870297595813,184.46979539132732,422.19566416720926,0.8688544206798441,-3.238033098489675e-05,0.0320277677076707,76084.34,0.41887659763779084,WIN,1
ENTRY,LONG,76507.21,565,64.20330678586873,229.5997509262088,457.9385063482581,0.8089469504638807,9.839396302409904e-05,0.0394122861486246,76362.77,-2.689641816781659,LOSS,1
ENTRY,LONG,76746.41,567,65.85573774947616,284.6134018762823,460.4883039431419,0.7869186866028453,-0.0001118770533576,0.0384384101250743,76452.94,-4.4903137662149675,LOSS,1
ENTRY,LONG,76009.46,569,51.94096262278914,253.9647082044248,482.6657314611781,0.8442206770714603,-8.79928628183879e-05,-0.0061227722655261,75899.98,-2.270731801268994,LOSS,1
ENTRY,LONG,75675.05,571,46.71890325928152,163.72427994257305,514.8737174333629,0.9402197049178196,4.056500144982952e-05,-0.0012448143889025,75834.65,1.0302271095752076,WIN,1
ENTRY,LONG,75781.18,573,48.51674684536663,105.93566984380595,511.1368277869306,0.932525699885342,-5.716467294175473e-06,0.0461986027657651,75545.62,-3.8209593636383943,LOSS,1
ENTRY,LONG,75610.21,575,45.97976312951804,34.68189801907283,523.3142035509757,0.8527547897617058,-7.295387002347056e-06,-0.0212325927819189,75023.43,-8.14240532673648,LOSS,1
ENTRY,LONG,75698.51,577,49.06779217697164,-35.520695865372545,587.759746939361,0.8764510051640513,4.290779930751764e-05,-0.0107758008165834,75549.99,-2.750912299081392,LOSS,1
ENTRY,LONG,75650.04,579,48.57988265052945,-47.9959904551215,554.585189963021,0.8573869364166363,-3.490595656908144e-05,0.0411476150393344,76336.15,7.488037302520752,WIN,1
ENTRY,LONG,76370.45,581,58.1039980199515,52.27047646479332,551.4444239987273,0.8129497378470814,-5.058773682341155e-05,-0.0349229310229186,76297.99,-1.8107973109908926,LOSS,1
ENTRY,LONG,77604.71,583,69.40228111666863,207.8398966992681,595.8019268152306,0.8574143050108699,-0.000177087404546,-0.0308591564469145,77521.48,-1.9251020052197418,LOSS,1
ENTRY,LONG,77523.0,585,68.05903108888329,364.93723779967695,559.943957304969,0.9480797485636708,-0.0001990273724779,0.0201656542227391,77994.93,4.721146870080702,WIN,1
ENTRY,LONG,78010.72,587,71.80891103232499,514.6498272236204,559.4827999211205,0.8272482649746274,0.0001341467198659,0.016655698044887,78001.95,-1.0362286123254307,LOSS,3
ENTRY,LONG,78157.41,591,73.03020365913872,618.3685023501166,480.88694836909497,0.7742177358313599,-0.0001963200886197,-0.0142352534059523,78300.0,0.7643850405729609,WIN,1
ENTRY,LONG,78236.05,593,72.64029155826795,637.4464197743364,462.4941544611073,0.7850285076268068,-0.0001273021083426,0.0319692390302224,78840.94,6.24813695066041,WIN,1
ENTRY,LONG,79045.75,595,79.19872705693862,721.17834482115,487.0034291016685,0.8370734915957595,-4.884007925214184e-05,0.0369821551661482,79272.9,1.7394106339597784,WIN,1
ENTRY,LONG,78743.59,597,68.46675069879082,746.041188907795,517.2464261131739,0.812786454519689,9.118376903503918e-05,0.0429307442221222,78900.0,0.9152928336970945,WIN,1
ENTRY,LONG,79022.39,599,71.03718179429877,729.8661046879133,491.73727557717535,0.8319694409512142,6.1660130638662e-05,-0.0498571501402079,78846.62,-2.9960802632413106,LOSS,1
ENTRY,LONG,78436.68,601,59.07635803177772,640.4639896179724,484.0593345537892,0.757529191604491,-0.0001171729556417,0.0133258809209497,78762.69,2.929852970128195,WIN,1
ENTRY,LONG,78607.95,603,60.03346511809034,567.7554584507161,469.9750384672983,0.8305915942718518,6.715959138913426e-05,0.0421363518199863,78178.23,-6.006716588717609,LOSS,1
ENTRY,LONG,78424.29,605,56.0784464628594,449.330756069161,506.09755867843575,0.7825375805370608,0.0001901174277545,0.0476609629938574,78359.23,-1.6988676583187043,LOSS,1
ENTRY,LONG,77939.92,607,48.51790072812422,331.16346122657706,506.6868235543656,0.8035235992727887,3.134207574003826e-05,-0.0307083645990031,77746.46,-3.231617588624431,LOSS,1
ENTRY,LONG,77920.09,609,48.58308350607965,205.50603644174407,494.3847611259585,0.8749889322416788,-5.313735123342153e-05,0.0219723282042308,78033.87,0.425858068454545,WIN,1
ENTRY,LONG,78211.43,611,53.08690574665872,161.14660978715983,471.9789521953422,0.8348878278340585,-3.115940420723628e-05,0.0311439160339583,78048.62,-2.8586024102842202,LOSS,1
ENTRY,LONG,77858.35,613,47.29436569709189,100.29169759643264,457.54241286231024,0.9072588582019768,4.563067201982984e-05,-0.002300139433481,77655.34,-3.344784687138599,LOSS,1
ENTRY,LONG,77403.63,615,40.66052523433118,-1.7960770874196896,460.59243762107405,0.8045717830303313,-4.79701862208119e-05,-0.0497109804892283,77704.62,2.6753678683144244,WIN,1
ENTRY,LONG,77870.53,617,49.046952639677656,-24.33634562131192,450.22337733653774,0.7795985007298943,-7.094222947109313e-05,-0.0284012664790163,77532.23,-4.9534913303232315,LOSS,1
ENTRY,LONG,78180.77,619,53.83974790369127,-22.90450213411532,479.2399018871164,0.8820703456226624,-8.748717283175386e-05,0.0053837412846878,78376.76,1.3945921911490586,WIN,1
ENTRY,LONG,78103.72,621,52.103407113786375,25.36057005176553,492.5473133618508,0.9399081905065724,-0.0001776420675357,-0.0210387999047029,77769.21,-4.8936463232348615,LOSS,1
ENTRY,LONG,77678.65,623,46.18115485182272,-17.616448979257257,539.3721732558823,0.8360785834642671,-4.900043543051839e-05,-0.0467907410610297,77727.26,-0.3472873270711716,LOSS,1
ENTRY,LONG,77886.97,625,49.57529323241879,-29.33133855741471,514.032537144103,0.8662249250295057,-0.0001797924703319,-0.0196403373579656,77864.83,-1.1894236089410697,LOSS,1
ENTRY,LONG,78235.3,627,55.10885691832665,1.0713321817165706,494.4279529456805,0.794113936743616,-0.000221608128988,0.0021471049603978,78257.48,-0.6638453561354254,LOSS,1
ENTRY,LONG,78417.22,629,57.86956712410479,58.72252400965954,466.8670104480614,0.7259516692938132,-0.0001266253037476,-0.0345343078891006,78429.73,-0.7784139268205763,LOSS,1
ENTRY,LONG,78125.65,631,51.85452940076393,79.22643600820447,472.3422692128687,0.8249086345504612,-2.8291824895364815e-05,-0.0328173499024301,77737.85,-5.516810005825391,LOSS,1
ENTRY,LONG,77670.0,633,44.15004611399611,9.364498007184013,475.1998137600752,0.9137220977303064,1.4180130738896566e-05,0.0400884249824084,77953.48,2.4481550216460164,WIN,1
ENTRY,LONG,77789.75,635,46.71758976261141,-11.1268323828117,465.17335982373777,0.7948440756628435,3.544215155459836e-05,-0.0466547639435667,77644.6,-2.650196775286531,LOSS,1
ENTRY,LONG,77785.71,637,47.1562945497113,-42.749433120538015,453.88789699087584,0.9230677925910836,5.069936997679623e-06,0.012453459656011,77527.69,-3.990087534275517,LOSS,1
ENTRY,LONG,77752.36,639,47.356650838197616,-70.16095226936159,442.2582377115208,0.842556369107866,-0.0001023054743917,-0.0218363001021632,78240.26,4.870873612931973,WIN,1
ENTRY,LONG,78275.66,641,56.04476867806508,1.6922302380844485,445.94623557779096,0.8830658927880874,-3.185848911333793e-05,0.0020592583697406,78093.79,-3.071628075605986,LOSS,1
ENTRY,LONG,78037.64,643,51.503211402564745,17.75329462697846,451.4951725135026,0.8598820729300723,0.00010461691629,-0.0053043107521054,77777.28,-4.017358555842293,LOSS,2
ENTRY,LONG,77681.71,646,44.72085953590242,-19.43387154220545,457.5481465058896,0.8524987883216416,-2.144264759818611e-05,-0.0191686187711717,77618.24,-1.6781669721858634,LOSS,1
ENTRY,LONG,77628.85,648,43.82171488310376,-57.64046080035041,433.40452428313904,0.8984428041723781,3.890117857752162e-05,0.0222246936774292,77718.31,0.13971668202793808,WIN,1
ENTRY,LONG,79308.6,701,77.01649164518321,263.0322994279559,421.9455112522561,0.8543514751184557,-0.0001413626775741,0.0374375111602715,79283.66,-1.201488819098813,LOSS,1
ENTRY,LONG,79130.01,703,70.900245906258,339.45655889072805,433.4000071511796,0.8219203637824888,-9.478081709485504e-05,-0.0344010634303676,79105.49,-1.1970121526264847,LOSS,1
ENTRY,LONG,77785.54,706,40.62887783459347,244.13443100343284,479.01986359735474,0.7740273802286339,-9.573304041277812e-05,0.0022887456889297,77700.12,-1.915996283025379,LOSS,1
ENTRY,LONG,77606.6,708,38.16928576552137,76.72957497654716,452.3538109589425,0.8744337367911349,-4.353614836656471e-05,0.0359186428167543,77804.34,1.4115658705595706,WIN,1
ENTRY,LONG,77900.01,710,44.469264751216734,0.6015754041727632,427.4803267962308,0.7822511057815067,2.413682379066222e-06,0.0287419818479724,77850.01,-1.4991269687234308,LOSS,1
ENTRY,LONG,76793.09,716,29.544314938656044,-186.21485760976796,456.3009763527249,0.8605003353182026,-9.179658585543976e-05,0.016484228670769,76618.59,-2.983799889936563,LOSS,1
ENTRY,LONG,76743.24,718,30.897398776284504,-313.60609697586915,441.3609949163795,0.755629861274818,-3.737482868132514e-05,0.0435354759001126,76834.06,0.1662183689441008,WIN,1
ENTRY,LONG,76878.07,720,34.2138686789626,-354.9562844009779,426.3926435758578,0.784096166315665,-0.0001417031816782,-0.0260467013268312,76960.43,0.06405435668239079,WIN,1
ENTRY,LONG,75924.25,764,33.86573231118098,3.5841237605782226,444.6282791189927,0.894489800064408,2.8546490646024136e-05,0.0025482144992182,75803.54,-2.3405348878113728,LOSS,1
ENTRY,LONG,76184.01,766,40.67137286364409,-114.00419446262822,439.03152638321296,0.833118014943568,-7.179035546816566e-05,-0.0456231002673973,75513.91,-8.847029155771452,LOSS,1
ENTRY,LONG,75563.86,768,34.05921307185932,-248.52779108012328,487.9298365243012,0.7897173862005075,1.0353645021829474e-05,-0.0201210620628553,75676.79,0.4451722907178919,WIN,1
ENTRY,LONG,75933.93,770,41.34647352456143,-281.43434590620745,478.9566957786073,0.7983828915019633,-0.0001251039794367,0.0244924958493125,75927.38,-0.9807436801711447,LOSS,1
ENTRY,LONG,75780.0,772,39.21574366958765,-286.8416509926756,446.5811305437989,0.7644300285121586,0.0001097861719429,-0.0456265601951885,76248.74,4.675642718484596,WIN,1
ENTRY,LONG,76232.8,774,47.77246914564537,-222.75874911206483,451.77128092807146,0.9041085278008644,-1.5758303449161885e-06,0.0073597780775746,75704.74,-7.15275373006989,LOSS,1
ENTRY,LONG,75928.1,776,44.22701428815409,-232.2226962367713,470.22197182063206,0.7870807769257586,-0.0001380737790375,0.0239844715773169,75497.0,-6.020324693572547,LOSS,1
ENTRY,LONG,75600.09,778,40.672460401247285,-267.38030357513344,472.336547131055,0.8316793871554922,1.5276167247410895e-05,-0.046386897366969,75753.53,0.9265088830361492,WIN,1
ENTRY,LONG,76161.67,780,50.13965192850536,-217.43531627404445,459.9869717609602,0.843415501984015,-0.0001427359594228,-0.0218862805605703,76058.17,-2.1256728369862685,LOSS,1
ENTRY,LONG,76097.19,782,49.21588491115502,-163.97684334375663,432.5217766714395,0.8302306469741108,0.0001323441147789,-0.0079917050981588,76028.66,-1.7122113101759169,LOSS,1
ENTRY,LONG,76420.44,786,55.08975958528311,-56.73359237650584,425.5874956662077,0.8590314581423865,-9.81286787627212e-05,-0.0451060103189051,76301.24,-2.3042105791791982,LOSS,1
ENTRY,LONG,76473.6,788,55.71141879082244,-5.9869750830112025,435.4007488142301,0.8291583078660191,-3.0636021115340267e-06,-0.0272940823337322,76261.03,-3.400634355857619,LOSS,1
ENTRY,LONG,78737.25,810,80.11318127661646,436.42348740693706,416.8492902900717,0.785867259527055,-0.0001321137771143,-0.029137235675556,78358.75,-5.200971462008965,LOSS,1
ENTRY,LONG,78445.89,812,71.72418461583219,511.8391845520673,453.7999492807253,0.8784753634950092,-0.0002022077508404,0.010634561816723,78214.36,-3.536881074172925,LOSS,1
ENTRY,LONG,78552.94,814,69.9359898303869,537.118416435871,457.8905685124616,0.7291610898004952,-9.23292923307763e-05,-0.0475054945668921,78423.9,-2.3645710817745567,LOSS,1
ENTRY,LONG,78360.0,816,65.65708858654797,528.6943203357223,427.45503101329547,0.7694911107617609,7.763025787871357e-06,-0.0177017472345755,77880.18,-6.369722010087571,LOSS,1
ENTRY,LONG,78199.99,818,60.210697757650216,455.7907176483423,437.4941338839127,0.91279659727335,-0.0001669020295714,0.0306647122523265,78153.38,-1.4267303157521383,LOSS,1
ENTRY,LONG,80173.3,871,73.53894932302039,272.64163476960675,425.6301918402975,0.8120216151351912,0.0001345427863785,0.0482655143494381,80316.31,0.6920102821550245,WIN,1
ENTRY,LONG,80332.06,873,74.90570968057702,410.169919508553,430.971338882706,0.7729666072188509,0.0001081963894461,0.0395736314952578,80027.26,-4.239219762088396,LOSS,1
ENTRY,LONG,79877.9,875,63.783759663224245,423.9520837377204,439.9558483223336,0.8576316729885762,1.2621897119991255e-05,0.0152645543537174,79696.75,-2.888126747477145,LOSS,1
ENTRY,LONG,78940.26,879,45.27476819659137,287.0026285115164,493.5259296630094,0.8597397192328506,-0.0001182098245851,0.0387709239216809,78793.67,-2.5230294813354703,LOSS,1
ENTRY,LONG,78857.18,881,44.4019705275971,145.7499787380366,474.6615413931053,0.8042033505869105,-1.0591782034245942e-05,0.0441892619008467,78790.0,-1.6351339627235575,LOSS,1
ENTRY,LONG,80216.16,883,62.87113348851661,161.37895144947106,591.3793392624221,0.7730112699824303,-5.343107967494709e-05,-0.0233274334175056,80028.85,-2.9431157499839173,LOSS,1
ENTRY,LONG,80025.03,885,59.89120623501106,226.7845521805284,634.8543792619855,0.8917440273796872,0.0001477136842698,-0.0349986696410015,80390.81,3.1479701081334497,WIN,1
ENTRY,LONG,80114.91,887,59.13755728852298,287.2033422130917,626.3561229350787,0.7969617536349838,-2.7291618367119045e-05,-0.0224779051120996,80053.31,-1.5611467922808515,LOSS,1
ENTRY,LONG,79936.7,889,56.19467414935419,277.39947075006785,573.9380855919809,0.8719480251801661,-4.116677984899892e-05,-0.0442681850076123,80259.17,2.674591565339142,WIN,1
ENTRY,LONG,80067.23,891,56.86008303210074,283.12716989719775,549.797379923698,0.8757167347105431,-0.0001311287734313,-0.0400702430827643,79861.01,-3.1545143613238906,LOSS,1
ENTRY,LONG,80170.66,893,57.56151703193393,258.72445478833106,522.1962102403311,0.8534713091732903,-7.769047090162363e-05,0.0065506344724669,80352.0,1.1116138424622477,WIN,1
ENTRY,LONG,80554.68,895,62.18293534793956,294.4177825339575,513.3013241357959,0.8509369312439401,-8.528367519776162e-05,-0.0322825559416444,80893.08,2.821038662443243,WIN,1
ENTRY,LONG,80902.44,897,65.93471635820018,365.6491428342124,502.5144580558648,0.8173875784787207,-0.0001707825892457,0.0173633726411986,80970.0,-0.14630981401387544,LOSS,1
ENTRY,LONG,80976.0,899,66.74740615727575,405.1716796779074,481.4785888338837,0.7842497489142005,-0.0001421974700269,-0.0217024633003612,80855.59,-2.1936577971973747,LOSS,1
ENTRY,LONG,80815.24,901,62.89507308620633,393.1494920645782,448.0599566986037,0.8999435209101225,-3.0236579894871437e-05,-0.0484111771341961,80586.02,-3.382212227439595,LOSS,1
ENTRY,LONG,80823.61,903,61.21670731550755,353.8678612122021,426.9085340921633,0.886493026254547,-2.513855180265118e-06,-0.0054452684761907,81014.05,1.1939231788874167,WIN,1
ENTRY,LONG,81279.41,905,67.36218264932356,378.35566913272487,417.38654215089616,0.8224448967229374,0.0001394495314091,-0.0464251268153939,81330.0,-0.3335285319444665,LOSS,1
ENTRY,LONG,81336.59,907,68.07293118999998,402.3185666228383,434.1444164464368,0.8242333175156438,-0.000170568960637,0.0187188320031193,81525.19,1.1607833340494835,WIN,1
ENTRY,LONG,81285.75,909,63.84969988034454,408.698418394386,444.8421754053464,0.7953612616796527,-0.0001322568676593,0.0476385780023538,81270.6,-1.0459693716766196,LOSS,1
ENTRY,LONG,81515.0,911,67.09627943063258,398.4442531327368,425.1431002219559,0.8644266809400974,-3.738901243945217e-05,0.0005251467803747,81606.35,0.10537867705897952,WIN,1
ENTRY,LONG,81111.27,915,54.32017506613865,341.44749184644024,435.790052203229,0.8737595554453906,-3.940061260804873e-06,-0.0349028410380208,80905.52,-3.1141227862608503,LOSS,1
ENTRY,LONG,81030.01,917,52.383349676693456,249.492110432082,442.35137154258,0.8551114110079702,-0.0001687187525615,0.0452509499070379,81439.34,3.5640420527870447,WIN,1
ENTRY,LONG,81363.54,919,57.93590714106942,242.53528009190632,445.8305703606937,0.8243491306696882,-0.0001300745659819,-0.0470833383227517,81581.69,1.4788088970326498,WIN,1
ENTRY,LONG,81331.1,921,55.6702636178882,234.54829514297307,438.26498158651685,0.8064945581571407,-0.0001699631478709,-0.0184422017959601,81333.0,-0.860529454483185,LOSS,1
ENTRY,LONG,81476.71,923,58.326401057832825,216.21279830351705,419.6353157557213,0.866699170695983,-1.5063252055002332e-06,-0.0318237163672179,81359.82,-2.143457539848896,LOSS,1
ENTRY,LONG,81945.66,925,64.81291651354846,235.38869819381216,428.88937940161753,0.8699094258225061,6.081482171856278e-05,0.0155718984928879,81997.0,-0.3294504732511996,LOSS,1
ENTRY,LONG,82290.04,927,69.18117570239946,304.8704362302087,426.02910774935407,0.8560353448762,-6.788958684787817e-05,-0.0057313238543822,82522.89,1.6084841774245433,WIN,1
ENTRY,LONG,82220.47,929,64.23911476382264,362.2740535818448,433.13366943694274,0.7815054378180362,-1.074364299380305e-06,-0.0185400318205123,81670.89,-6.760591770638712,LOSS,1
ENTRY,LONG,81526.73,931,50.85850639125614,274.74028946252656,474.9580619124661,0.8435138446690105,-0.000137179605256,-0.023487809666933,81704.25,1.034004716499112,WIN,1
